Alumni_ID,Name,Batch,Branch,Graduation_Year,Event_Attendance,Email_Response,Donations,Mentorship,Networking_Events,Alumni_Meetings
ALU1001,Aarav Sharma,2018,ECE,2018,2,20,0,No,0,2
ALU1002,Aditya Patel,2024,CSE(DS),2024,5,58.2,7500,Yes,1,2
ALU1003,Aditi Sharma,2023,CSE,2023,4,64.3,0,No,2,2
ALU1004,Ananya Patel,2021,CSE,2021,2,68.4,0,No,3,1
ALU1005,Arjun Sharma,2021,ECE,2021,2,64.5,0,Yes,1,1
ALU1006,Diya Patel,2024,CSE,2024,2,49.1,0,Yes,1,2
ALU1007,Ishaan Sharma,2018,CE,2018,2,74.3,0,Yes,3,4
ALU1008,Kavya Patel,2023,ECE,2023,2,56.25,1000,Yes,4,1
ALU1009,Krishna Sharma,2019,CSE(DS),2019,4,67.3,1500,No,0,2
ALU1010,Meera Patel,2018,IT,2018,3,77.3,0,No,1,1
ALU1011,Neha Sharma,2022,CSE,2022,1,56.9,0,Yes,3,2
ALU1012,Nikhil Patel,2025,CE,2025,1,41.9,0,No,1,2
ALU1013,Pooja Sharma,2023,ECE,2023,3,72.6,0,No,3,1
ALU1014,Rahul Patel,2024,ME,2024,0,50,2500,No,1,1
ALU1015,Riya Sharma,2023,CSE,2023,0,48,0,No,1,2
ALU1016,Rohan Patel,2024,ECE,2024,0,74.5,0,No,0,1
ALU1017,Sakshi Sharma,2022,ECE,2022,3,15.9,0,No,3,2
ALU1018,Shreya Patel,2019,CE,2019,0,22.5,0,Yes,3,0
ALU1019,Varun Sharma,2024,ECE,2024,5,46.6,0,No,0,5
ALU1020,Yash Patel,2021,ECE,2021,1,45.5,0,No,1,0
ALU1021,Aarav Sharma,2022,CSE(DS),2022,4,59.4,0,No,1,3
ALU1022,Aditya Patel,2020,CSE(DS),2020,2,28.9,0,No,4,1
ALU1023,Aditi Sharma,2019,ECE,2019,3,42.3,0,No,4,0
ALU1024,Ananya Patel,2025,ECE,2025,1,36.5,0,No,3,1
ALU1025,Arjun Sharma,2024,CSE,2024,2,100,0,No,3,1
ALU1026,Diya Patel,2023,ME,2023,0,80.4,0,No,3,0
ALU1027,Ishaan Sharma,2021,CE,2021,2,48.6,0,No,2,1
ALU1028,Kavya Patel,2024,CSE,2024,3,53.5,1500,No,1,1
ALU1029,Krishna Sharma,2022,ECE,2022,4,43.3,0,Yes,3,3
ALU1030,Meera Patel,2021,CSE,2021,2,21.7,0,No,1,1
ALU1031,Neha Sharma,2021,IT,2021,2,53.9,0,Yes,1,1
ALU1032,Nikhil Patel,2019,CSE(DS),2019,1,34,0,No,4,0
ALU1033,Pooja Sharma,2018,IT,2018,2,54.5,0,No,2,1
ALU1034,Rahul Patel,2022,IT,2022,2,27.2,1000,No,1,1
ALU1035,Riya Sharma,2025,ME,2025,2,42.3,0,Yes,0,1
ALU1036,Rohan Patel,2018,CSE,2018,0,50.7,0,Yes,2,1
ALU1037,Sakshi Sharma,2024,CE,2024,2,62.6,0,Yes,4,2
ALU1038,Shreya Patel,2024,CSE,2024,4,71.5,0,No,2,5
ALU1039,Varun Sharma,2020,CSE,2020,3,36.2,0,No,1,3
ALU1040,Yash Patel,2023,ECE,2023,3,75.4,0,Yes,1,0
ALU1041,Aarav Sharma,2019,CSE(DS),2019,5,53.6,0,Yes,2,1
ALU1042,Aditya Patel,2024,ME,2024,2,67.4,0,No,0,4
ALU1043,Aditi Sharma,2023,ME,2023,0,47.8,0,No,1,4
ALU1044,Ananya Patel,2020,CSE(DS),2020,1,27.2,0,No,1,1
ALU1045,Arjun Sharma,2018,CE,2018,1,46.3,0,No,6,2
ALU1046,Diya Patel,2025,CSE(DS),2025,1,58.6,0,No,4,0
ALU1047,Ishaan Sharma,2021,ECE,2021,1,63,1000,No,0,1
ALU1048,Kavya Patel,2025,CSE(DS),2025,3,57.5,0,No,2,0
ALU1049,Krishna Sharma,2023,CE,2023,1,79.6,0,Yes,3,0
ALU1050,Meera Patel,2024,CSE,2024,4,82.1,0,No,6,2
ALU1051,Neha Sharma,2024,CSE,2024,4,59.4,0,No,1,3
ALU1052,Nikhil Patel,2019,ECE,2019,1,65.5,0,No,3,1
ALU1053,Pooja Sharma,2020,CE,2020,1,86.8,0,No,1,0
ALU1054,Rahul Patel,2021,CE,2021,5,100,0,Yes,1,1
ALU1055,Riya Sharma,2021,ME,2021,2,33.9,0,No,4,0
ALU1056,Rohan Patel,2018,CE,2018,3,43.3,0,No,2,4
ALU1057,Sakshi Sharma,2022,CE,2022,2,82.7,0,Yes,1,1
ALU1058,Shreya Patel,2019,ECE,2019,1,33,1500,No,2,1
ALU1059,Varun Sharma,2023,CSE(DS),2023,3,36.2,0,No,2,3
ALU1060,Yash Patel,2023,ME,2023,3,51.2,0,No,2,1
ALU1061,Aarav Sharma,2025,IT,2025,2,63.6,0,No,4,1
ALU1062,Aditya Patel,2023,CSE(DS),2023,2,54.2,0,No,0,0
ALU1063,Aditi Sharma,2020,CSE,2020,6,60.3,2500,No,2,3
ALU1064,Ananya Patel,2025,ME,2025,3,47.9,0,Yes,1,0
ALU1065,Arjun Sharma,2021,CSE(DS),2021,0,35.2,0,No,1,1
ALU1066,Diya Patel,2020,CE,2020,3,44.2,0,Yes,2,2
ALU1067,Ishaan Sharma,2025,CSE,2025,1,93.1,0,No,1,0
ALU1068,Kavya Patel,2020,CSE,2020,0,53.4,0,No,1,1
ALU1069,Krishna Sharma,2018,ME,2018,3,76,0,No,5,2
ALU1070,Meera Patel,2021,CSE,2021,0,39.2,0,No,2,0
ALU1071,Neha Sharma,2024,CSE,2024,4,60.7,0,Yes,1,3
ALU1072,Nikhil Patel,2019,IT,2019,7,63.2,5000,No,2,1
ALU1073,Pooja Sharma,2021,ME,2021,6,24.3,7500,Yes,4,1
ALU1074,Rahul Patel,2019,CSE,2019,3,35.2,0,Yes,1,1
ALU1075,Riya Sharma,2023,CSE(DS),2023,0,15.4,0,No,1,1
ALU1076,Rohan Patel,2021,ME,2021,5,27.5,2500,Yes,2,2
ALU1077,Sakshi Sharma,2020,CE,2020,1,30.5,0,No,2,0
ALU1078,Shreya Patel,2019,ECE,2019,4,87.8,1000,No,1,0
ALU1079,Varun Sharma,2022,CSE,2022,1,51.2,0,No,1,1
ALU1080,Yash Patel,2023,CSE,2023,0,71.2,0,No,3,1
ALU1081,Aarav Sharma,2025,CSE,2025,6,79.4,0,No,0,4
ALU1082,Aditya Patel,2021,CSE,2021,3,74.1,0,No,3,1
ALU1083,Aditi Sharma,2019,IT,2019,2,39.8,0,No,0,3
ALU1084,Ananya Patel,2024,CSE,2024,3,69.4,0,No,5,1
ALU1085,Arjun Sharma,2023,ECE,2023,3,73.1,5000,No,4,1
ALU1086,Diya Patel,2023,IT,2023,2,45.6,0,No,1,1
ALU1087,Ishaan Sharma,2018,ECE,2018,2,66.1,0,No,2,1
ALU1088,Kavya Patel,2020,CSE,2020,4,74.2,1500,No,4,1
ALU1089,Krishna Sharma,2024,ME,2024,1,42.1,0,No,1,2
ALU1090,Meera Patel,2024,IT,2024,4,43.8,0,Yes,7,2
ALU1091,Neha Sharma,2021,IT,2021,2,34.7,0,No,1,0
ALU1092,Nikhil Patel,2024,CSE,2024,1,53.6,0,Yes,2,0
ALU1093,Pooja Sharma,2024,CSE,2024,1,57.9,0,No,4,0
ALU1094,Rahul Patel,2021,CE,2021,2,41.7,0,No,3,2
ALU1095,Riya Sharma,2025,CSE(DS),2025,4,64.5,0,No,1,1
ALU1096,Rohan Patel,2020,CSE(DS),2020,2,66.3,0,Yes,2,2
ALU1097,Sakshi Sharma,2019,ECE,2019,5,79.1,10000,No,1,0
ALU1098,Shreya Patel,2023,IT,2023,1,79.9,0,No,2,2
ALU1099,Varun Sharma,2023,CE,2023,2,79,0,Yes,2,0
ALU1100,Yash Patel,2019,CSE(DS),2019,4,46,0,Yes,4,0
ALU1101,Aarav Sharma,2024,CE,2024,5,98.3,2500,Yes,2,5
ALU1102,Aditya Patel,2019,CSE,2019,1,42.4,0,Yes,1,0
ALU1103,Aditi Sharma,2024,ECE,2024,4,82.8,0,Yes,0,1
ALU1104,Ananya Patel,2018,IT,2018,1,53.2,10000,No,4,2
ALU1105,Arjun Sharma,2024,CSE,2024,0,40.6,0,No,2,2
ALU1106,Diya Patel,2024,CSE,2024,1,19.5,0,Yes,2,1
ALU1107,Ishaan Sharma,2024,CSE(DS),2024,2,52.9,0,Yes,2,0
ALU1108,Kavya Patel,2023,CE,2023,0,19.9,0,Yes,4,1
ALU1109,Krishna Sharma,2021,IT,2021,1,69.4,10000,No,1,1
ALU1110,Meera Patel,2023,CE,2023,0,75.3,2500,No,0,0
ALU1111,Neha Sharma,2020,ME,2020,2,41.7,0,No,0,1
ALU1112,Nikhil Patel,2024,ECE,2024,2,61.4,0,Yes,1,2
ALU1113,Pooja Sharma,2022,ME,2022,1,38.9,0,Yes,0,4
ALU1114,Rahul Patel,2021,CSE,2021,0,36.7,15000,No,5,1
ALU1115,Riya Sharma,2022,CSE,2022,2,69.9,0,Yes,3,4
ALU1116,Rohan Patel,2022,ME,2022,3,59.3,0,Yes,1,2
ALU1117,Sakshi Sharma,2018,ME,2018,1,83.3,0,Yes,2,0
ALU1118,Shreya Patel,2019,CSE,2019,2,47.3,5000,No,2,2
ALU1119,Varun Sharma,2019,ECE,2019,2,74,0,No,2,0
ALU1120,Yash Patel,2018,IT,2018,2,57.8,1000,Yes,2,1
ALU1121,Aarav Sharma,2021,ME,2021,0,62.3,0,No,2,2
ALU1122,Aditya Patel,2023,IT,2023,2,48,0,Yes,2,3
ALU1123,Aditi Sharma,2023,CSE(DS),2023,1,51.1,0,No,3,1
ALU1124,Ananya Patel,2021,CSE(DS),2021,0,45.9,0,No,3,0
ALU1125,Arjun Sharma,2024,CSE(DS),2024,2,41,0,No,2,3
ALU1126,Diya Patel,2022,IT,2022,2,67.9,5000,No,1,1
ALU1127,Ishaan Sharma,2018,ME,2018,2,67.7,1000,No,2,3
ALU1128,Kavya Patel,2024,ECE,2024,4,74.7,0,No,3,1
ALU1129,Krishna Sharma,2022,CSE,2022,4,91.7,0,Yes,4,3
ALU1130,Meera Patel,2023,CSE,2023,2,82.1,10000,No,1,0
ALU1131,Neha Sharma,2022,ME,2022,2,49.3,10000,No,3,0
ALU1132,Nikhil Patel,2022,ME,2022,0,54.7,0,No,3,0
ALU1133,Pooja Sharma,2018,CSE,2018,1,40.8,2500,No,1,2
ALU1134,Rahul Patel,2022,CSE,2022,2,56.4,1500,Yes,0,0
ALU1135,Riya Sharma,2024,IT,2024,4,53.2,0,No,3,0
ALU1136,Rohan Patel,2020,CSE,2020,1,81.2,0,No,1,2
ALU1137,Sakshi Sharma,2022,ME,2022,1,58.5,0,No,1,2
ALU1138,Shreya Patel,2018,CSE(DS),2018,1,48.1,0,Yes,2,2
ALU1139,Varun Sharma,2020,CSE,2020,0,69.5,0,No,2,0
ALU1140,Yash Patel,2021,CE,2021,2,16.9,0,No,5,3
ALU1141,Aarav Sharma,2025,CSE,2025,4,27.7,0,No,1,1
ALU1142,Aditya Patel,2019,CSE(DS),2019,0,62.3,0,Yes,1,1
ALU1143,Aditi Sharma,2020,CSE,2020,3,61.1,5000,Yes,6,3
ALU1144,Ananya Patel,2021,CSE,2021,0,52.5,0,No,2,0
ALU1145,Arjun Sharma,2025,CSE,2025,3,36.1,1000,Yes,5,4
ALU1146,Diya Patel,2024,CSE,2024,3,59.6,0,No,2,1
ALU1147,Ishaan Sharma,2018,CSE,2018,5,100,0,No,4,0
ALU1148,Kavya Patel,2019,CSE,2019,0,62.8,0,Yes,1,0
ALU1149,Krishna Sharma,2024,IT,2024,3,63.1,0,Yes,2,1
ALU1150,Meera Patel,2018,IT,2018,3,52.1,0,No,2,1
ALU1151,Neha Sharma,2024,CSE(DS),2024,2,48.9,0,Yes,0,0
ALU1152,Nikhil Patel,2020,CSE(DS),2020,3,21.7,2500,No,1,0
ALU1153,Pooja Sharma,2025,ECE,2025,4,68.6,0,No,2,2
ALU1154,Rahul Patel,2020,ME,2020,3,75.2,0,No,0,1
ALU1155,Riya Sharma,2021,ME,2021,3,31.6,10000,No,1,5
ALU1156,Rohan Patel,2023,CSE,2023,2,44.1,0,No,1,1
ALU1157,Sakshi Sharma,2019,CSE,2019,4,43.2,0,No,3,3
ALU1158,Shreya Patel,2022,CSE,2022,3,42.6,0,Yes,2,0
ALU1159,Varun Sharma,2022,CSE,2022,3,61,0,No,2,2
ALU1160,Yash Patel,2024,ECE,2024,2,18.5,1500,No,1,1
ALU1161,Aarav Sharma,2025,CSE(DS),2025,2,67.1,1000,No,4,1
ALU1162,Aditya Patel,2023,CSE,2023,2,69.6,2500,No,1,1
ALU1163,Aditi Sharma,2021,CSE(DS),2021,3,55.5,0,Yes,1,1
ALU1164,Ananya Patel,2021,ECE,2021,2,7.3,0,Yes,0,2
ALU1165,Arjun Sharma,2021,CSE,2021,2,38.1,1000,Yes,2,2
ALU1166,Diya Patel,2024,ME,2024,4,86.2,0,Yes,4,0
ALU1167,Ishaan Sharma,2020,CSE,2020,1,2,0,No,1,0
ALU1168,Kavya Patel,2019,CE,2019,6,65.7,1000,Yes,2,1
ALU1169,Krishna Sharma,2020,CSE,2020,1,30.8,0,No,0,3
ALU1170,Meera Patel,2018,ME,2018,1,66.5,0,Yes,1,1
ALU1171,Neha Sharma,2018,CE,2018,3,47.8,0,Yes,1,0
ALU1172,Nikhil Patel,2018,CE,2018,1,59.3,0,No,2,0
ALU1173,Pooja Sharma,2024,ME,2024,3,70.2,0,Yes,1,2
ALU1174,Rahul Patel,2023,ME,2023,3,93.1,7500,No,2,3
ALU1175,Riya Sharma,2023,IT,2023,2,52.3,1500,No,5,3
ALU1176,Rohan Patel,2021,ME,2021,1,58.8,0,No,3,1
ALU1177,Sakshi Sharma,2023,CSE,2023,2,29.3,0,Yes,1,1
ALU1178,Shreya Patel,2019,ECE,2019,2,77.4,0,No,1,0
ALU1179,Varun Sharma,2025,ECE,2025,4,50.3,0,Yes,4,0
ALU1180,Yash Patel,2022,ME,2022,1,41.9,0,No,3,1
ALU1181,Aarav Sharma,2025,ECE,2025,3,59.6,0,No,1,0
ALU1182,Aditya Patel,2019,CSE(DS),2019,3,31.9,0,Yes,3,1
ALU1183,Aditi Sharma,2021,IT,2021,1,56.1,10000,Yes,2,3
ALU1184,Ananya Patel,2023,CSE(DS),2023,2,73.4,10000,Yes,2,2
ALU1185,Arjun Sharma,2021,CSE,2021,2,61.3,1000,Yes,2,3
ALU1186,Diya Patel,2021,ECE,2021,1,23.4,7500,No,0,2
ALU1187,Ishaan Sharma,2019,CSE(DS),2019,0,45.8,0,No,2,0
ALU1188,Kavya Patel,2021,CSE,2021,1,65.4,0,No,2,0
ALU1189,Krishna Sharma,2019,CSE(DS),2019,2,22.2,0,Yes,2,1
ALU1190,Meera Patel,2020,CSE(DS),2020,2,36.7,0,No,4,1
ALU1191,Neha Sharma,2023,CSE(DS),2023,4,79.8,7500,Yes,2,4
ALU1192,Nikhil Patel,2023,CSE(DS),2023,2,60.9,0,No,1,1
ALU1193,Pooja Sharma,2022,IT,2022,4,71.4,0,Yes,0,5
ALU1194,Rahul Patel,2020,CSE(DS),2020,2,89.5,1500,Yes,1,2
ALU1195,Riya Sharma,2025,CE,2025,1,60.4,0,No,2,1
ALU1196,Rohan Patel,2018,CE,2018,2,67.8,0,Yes,1,1
ALU1197,Sakshi Sharma,2020,ECE,2020,1,100,0,No,2,0
ALU1198,Shreya Patel,2018,CSE(DS),2018,1,48.2,0,No,0,3
ALU1199,Varun Sharma,2020,ECE,2020,3,45.6,0,Yes,0,1
ALU1200,Yash Patel,2025,ME,2025,3,67.7,0,No,1,0
ALU1201,Aarav Sharma,2020,IT,2020,2,63.9,2500,No,2,1
ALU1202,Aditya Patel,2025,ME,2025,2,46.5,0,No,2,4
ALU1203,Aditi Sharma,2021,ECE,2021,5,49.4,0,No,2,6
ALU1204,Ananya Patel,2023,IT,2023,2,97.6,0,No,0,4
ALU1205,Arjun Sharma,2021,CSE(DS),2021,4,69.9,0,No,2,1
ALU1206,Diya Patel,2020,IT,2020,3,46.8,0,No,3,1
ALU1207,Ishaan Sharma,2024,CSE,2024,2,72.5,0,No,3,1
ALU1208,Kavya Patel,2025,IT,2025,0,46,5000,No,2,0
ALU1209,Krishna Sharma,2020,ME,2020,3,55.4,0,Yes,2,3
ALU1210,Meera Patel,2024,CSE,2024,1,62.1,2500,No,2,2
ALU1211,Neha Sharma,2020,IT,2020,3,36.7,5000,Yes,3,1
ALU1212,Nikhil Patel,2024,CSE,2023,1,58.3,7500,No,0,2
ALU1213,Pooja Sharma,2024,IT,2024,1,86.4,0,Yes,2,3
ALU1214,Rahul Patel,2021,CSE,2021,3,68.4,0,No,0,2
ALU1215,Riya Sharma,2023,CE,2023,3,53.2,0,Yes,4,1
ALU1216,Rohan Patel,2020,CSE,2020,3,50.9,0,No,3,1
ALU1217,Sakshi Sharma,2018,CE,2018,1,44.6,0,No,3,1
ALU1218,Shreya Patel,2018,ME,2018,3,55.4,0,No,1,2
ALU1219,Varun Sharma,2021,IT,2021,4,57.2,0,Yes,0,3
ALU1220,Yash Patel,2025,ME,2025,2,72.5,0,No,1,1
ALU1221,Aarav Sharma,2019,ME,2019,8,48.8,1000,Yes,3,4
ALU1222,Aditya Patel,2021,CE,2021,2,71.5,0,No,1,4
ALU1223,Aditi Sharma,2023,CSE(DS),2023,2,49.2,0,No,2,0
ALU1224,Ananya Patel,2019,IT,2019,3,66.8,0,Yes,2,2
ALU1225,Arjun Sharma,2023,CSE,2023,0,27.7,0,No,2,0
ALU1226,Diya Patel,2020,IT,2020,3,83.9,0,Yes,1,0
ALU1227,Ishaan Sharma,2024,CSE,2024,1,74.4,0,No,2,1
ALU1228,Kavya Patel,2022,ECE,2022,2,73.3,0,No,6,2
ALU1230,Meera Patel,2019,ECE,2019,3,74.9,0,No,2,1
ALU1231,Neha Sharma,2021,ECE,2021,1,59.3,5000,Yes,1,0
ALU1232,Nikhil Patel,2024,ME,2024,3,31.1,0,No,2,2
ALU1233,Pooja Sharma,2018,ME,2018,2,55.6,2500,No,0,2
ALU1234,Rahul Patel,2024,ECE,2024,6,78.6,7500,Yes,1,2
ALU1235,Riya Sharma,2021,IT,2021,0,58,0,Yes,0,0
ALU1236,Rohan Patel,2023,CE,2023,3,63.2,1500,No,1,1
ALU1237,Sakshi Sharma,2023,CSE,2023,1,57.2,15000,No,1,2
ALU1238,Shreya Patel,2021,CSE,2021,5,94.5,0,No,2,0
ALU1239,Varun Sharma,2020,CSE,2020,3,82.1,15000,No,0,1
ALU1240,Yash Patel,2023,IT,2023,3,8.4,0,No,4,3
ALU1241,Aarav Sharma,2019,CSE(DS),2019,1,46.3,0,No,1,0
ALU1242,Aditya Patel,2022,ME,2022,0,45,0,No,4,1
ALU1243,Aditi Sharma,2018,IT,2018,0,16.5,0,No,2,0
ALU1244,Ananya Patel,2023,CSE(DS),2023,0,49.7,0,Yes,1,2
ALU1245,Arjun Sharma,2023,CE,2023,2,78.5,0,No,2,5
ALU1246,Diya Patel,2018,ME,2018,2,36.4,7500,Yes,1,2
ALU1247,Ishaan Sharma,2024,CSE(DS),2024,2,62.1,0,No,4,1
ALU1248,Kavya Patel,2021,CSE(DS),2021,2,39.5,0,No,1,4
ALU1249,Krishna Sharma,2024,CSE(DS),2024,2,43.9,0,No,0,0
ALU1250,Meera Patel,2018,CSE,2018,4,90.6,0,No,2,2
